flow;label;companyCode;siteCode;usersLevel1;netAmount2;usersLevel2;netAmount3;usersLevel3;netAmount4;usersLevel4
ACME-BAP;Piratebold;ACME_TD0;ACME_Cienega Springs;monika;6256;didier;5087;eva;4111;james
ACME-BAP;Servantjade;ACME_JM1;ACME_Brandwell;mike;6628;monika;9805;patrice;122;sonia
ACME-BAP;Bugthread;ACME_CG2;ACME_Kingsbridge;itesoft;5377;jade;8391;sarah;2696;itesoft
ACME-BAP;Pythonsun;ACME_AI3;ACME_Kingsbridge;sarah;3332;stan;2711;kevin;5187;guillaume
ACME-BAP;Otterfast;ACME_VG4;ACME_Bury;frauke;3470;dev;6060;frauke;1044;sarah
ACME-BAP;Pixiespring;ACME_CA5;ACME_Burrton;heinz;6376;dev;8858;jason;3285;catherine
ACME-BAP;Dolphinsulpher;ACME_NO6;ACME_Hoonah;sonia;5479;anais;6564;nick;2289;pierrick
ACME-BAP;Glazerrogue;ACME_BH7;ACME_Buffalo City;benjamin;2148;laurent;7177;guillaume;1937;james
ACME-BAP;Foxweak;ACME_PG8;ACME_Brandwell;james;2328;arnaud;4660;benjamin;4546;catherine
ACME-BAP;Painterchrome;ACME_SK9;ACME_Hoonah;jean-luc;6678;benjamin;1252;regis;3304;frauke
ACME-BAP;Raypeat;ACME_NU10;ACME_Brandwell;laurent;7536;fabrice;3573;arnaud;414;acme
ACME-BAP;Pixiediamond;ACME_SK11;ACME_San Martin;arnaud;5737;jean-luc;5793;thierry;1802;frauke
ACME-BAP;Mythsnapdragon;ACME_BF12;ACME_Northleach;heinz;81;agnes;4389;regis;4599;sarah
ACME-BAP;Slayerseed;ACME_CH13;ACME_Berkhamsted;benjamin;7920;marie;2282;anais;6599;fritzi
ACME-BAP;Edgeglow;ACME_JO14;ACME_Northleach;monika;8817;patrice;6997;acme;2164;stan
ACME-BAP;Horsepattern;ACME_NU15;ACME_Northleach;john;2130;aude;5464;heinz;7022;fgf
ACME-BAP;Cougarripple;ACME_TO16;ACME_Ransom Canyon;didier;1805;fabrice;8146;rachid;8326;monika
ACME-BAP;Loonglacier;ACME_LR17;ACME_San Martin;guillaume;252;monika;1815;alan;7499;aude
ACME-BAP;Oriolecrazy;ACME_LV18;ACME_Bury;benjamin;9045;christophe;6952;agnes;5770;rachid
ACME-BAP;Painterblossom;ACME_ZM19;ACME_Skidaway Island;monika;2459;didier;915;fritzi;4016;fritzi
ACME-BAP;Slayerspectrum;ACME_BQ20;ACME_Plympton;frauke;755;frederique;136;fabrice;7945;itesoft
ACME-BAP;Gazellealder;ACME_GL21;ACME_Campden;frederique;6836;jade;3045;agnes;8090;jean-luc
ACME-BAP;Noseswamp;ACME_TM22;ACME_Kingsbridge;paul;6031;frauke;2175;alan;4035;frederique
ACME-BAP;Edgefoul;ACME_SL23;ACME_Bury;jason;9971;itesoft;8681;benoit2;5046;paul
ACME-BAP;Flamesand;ACME_UG24;ACME_Skidaway Island;guillaume;1206;heinz;5071;pierrick;7807;acme
ACME-BAP;Gempower;ACME_CI25;ACME_Newstead;didier;1182;agnes;7606;frederique;6718;jason
ACME-BAP;Condorwinter;ACME_BJ26;ACME_Northleach;tom;2223;nick;4171;nick;7152;jade
ACME-BAP;Scowlsugar;ACME_KN27;ACME_Derby Center;sonia;5153;agnes;2005;paul;2727;heinz
ACME-BAP;Wolfmire;ACME_MW28;ACME_New Deal;christophe;7053;stan;5170;kevin;3958;fgf
ACME-BAP;Arrowjuniper;ACME_LI29;ACME_Berkhamsted;fgf;3427;mike;6037;aude;4361;mike
ACME-BAP;Sagemeteor;ACME_GD30;ACME_Burrton;monika;5346;sonia;5959;arnaud;6680;benjamin
ACME-BAP;Facecake;ACME_GT31;ACME_Campden;mike;9671;frauke;8005;acme;8028;guillaume
ACME-BAP;Crownvoid;ACME_NG32;ACME_New Deal;jade;3728;frederique;3774;jean-luc;9128;monika
ACME-BAP;Lizardweak;ACME_CZ33;ACME_Northleach;guillaume;8978;rachid;28;service;6826;christophe
ACME-BAP;Bearcloud;ACME_ZA34;ACME_Ransom Canyon;fgf;2087;tom;2514;francois;4125;nick
ACME-BAP;Catchervivid;ACME_CN35;ACME_Skidaway Island;monika;8050;heinz;1270;patrice;6157;monika
ACME-BAP;Banedenim;ACME_NO36;ACME_Cienega Springs;kevin;6403;guillaume;440;jason;1334;marie
ACME-BAP;Mindhill;ACME_GQ37;ACME_Campden;christophe;596;frederique;8339;itesoft;1189;alan
ACME-BAP;Fangviolet;ACME_KP38;ACME_Lucien;monika;5659;arnaud;6850;rachid;706;tom
ACME-BAP;Iguanaweed;ACME_AT39;ACME_Newstead;tom;5534;thierry;9862;jason;3126;itesoft
ACME-BAP;Masterwool;ACME_CZ40;ACME_Northleach;itesoft;7764;christophe;1887;jason;7386;dev
ACME-BAP;Carpaquamarine;ACME_BB41;ACME_San Martin;christophe;5816;kevin;7633;mike;9018;alan
ACME-BAP;Antelopewinter;ACME_BD42;ACME_Kingsbridge;heinz;2939;frederique;2828;tom;3563;itesoft
ACME-BAP;Glassyellow;ACME_LV43;ACME_Hoonah;marie;6703;catherine;8941;frederique;8747;eva
ACME-BAP;Necknimble;ACME_MR44;ACME_Cienega Springs;jade;4950;service;7032;aude;6025;acme
ACME-BAP;Kingnoble;ACME_PK45;ACME_New Deal;francois;1736;agnes;4100;heinz;3480;dev
ACME-BAP;Crowncoconut;ACME_CV46;ACME_Northleach;frederic;5006;guillaume;9138;rachid;9615;benjamin
ACME-BAP;Dolphinberyl;ACME_TC47;ACME_Ransom Canyon;dev;6447;benjamin;9302;laurent;9126;thierry
ACME-BAP;Ringerlegend;ACME_TR48;ACME_Campden;monika;1272;arnaud;4972;sarah;6134;nick
ACME-BAP;Neckphase;ACME_TJ49;ACME_Newstead;aude;2271;acme;3780;frederic;9273;james
ACME-BAP;Masterglitter;ACME_CG50;ACME_Brandwell;francois;1839;catherine;6864;frederic;320;frederique
ACME-BAP;Lionpeach;ACME_TR51;ACME_Lucien;nick;502;thierry;3534;christophe;5839;sarah
ACME-BAP;Daggerswamp;ACME_BV52;ACME_Burrton;benoit2;2025;jean-luc;530;jason;4275;service
ACME-BAP;Fishsalt;ACME_BD53;ACME_Ransom Canyon;regis;1536;jade;8940;monika;670;john
ACME-BAP;Doomtruth;ACME_AL54;ACME_Kingsbridge;john;3019;arnaud;7706;tom;2864;marie
ACME-BAP;Horngravel;ACME_BT55;ACME_Cienega Springs;catherine;3811;mike;9649;didier;1776;benoit2
ACME-BAP;Pythonviolet;ACME_VN56;ACME_New Deal;thierry;5131;jean-luc;4656;anais;1979;didier
ACME-BAP;Lifterstream;ACME_AS57;ACME_Cienega Springs;frederique;7151;thierry;4506;dev;2502;benoit2
ACME-BAP;Facemint;ACME_NR58;ACME_Skidaway Island;frederic;8514;paul;6870;benoit;3779;fabrice
ACME-BAP;Falconsour;ACME_NU59;ACME_Skidaway Island;fgf;1288;jean-luc;7586;tom;3925;aude
ACME-BAP;Wingcat;ACME_SM60;ACME_Northleach;benjamin;5400;benjamin;9245;regis;1367;jason
ACME-BAP;Toucanglow;ACME_UA61;ACME_Kingsbridge;agnes;2565;heinz;6803;john;2208;benoit
ACME-BAP;Ladypattern;ACME_AQ62;ACME_Newstead;jean-luc;7958;kevin;3327;jean-luc;6744;frederique
ACME-BAP;Gooseblaze;ACME_BT63;ACME_Hoonah;frederic;9069;frederic;9736;thierry;9341;alan
ACME-BAP;Scarseason;ACME_UY64;ACME_Hoonah;aude;3723;benoit2;6517;itesoft;3012;rachid
ACME-BAP;Throatevening;ACME_TN65;ACME_Plympton;heinz;4175;aude;1645;frederique;5154;laurent
ACME-BAP;Chinsquare;ACME_MT66;ACME_Newstead;arnaud;5438;paul;1478;itesoft;3696;benjamin
ACME-BAP;Riderfork;ACME_BJ67;ACME_Burrton;benjamin;5296;heinz;357;james;839;monika
ACME-BAP;Snoutpond;ACME_QA68;ACME_Berkhamsted;alan;519;frederique;3390;tom;9268;kevin
ACME-BAP;Thiefwheat;ACME_IL69;ACME_Berkhamsted;service;3273;mike;1565;kevin;8647;frauke
ACME-BAP;Dancerglimmer;ACME_DM70;ACME_Burrton;mike;81;tom;5600;francois;563;agnes
ACME-BAP;Hidefortune;ACME_FM71;ACME_Ransom Canyon;james;2125;thierry;1421;guillaume;7598;francois
ACME-BAP;Pythonmangrove;ACME_BM72;ACME_Buffalo City;catherine;9240;acme;6091;james;9068;francois
ACME-BAP;Ringercurly;ACME_SG73;ACME_New Deal;francois;9703;sarah;1902;regis;3992;agnes
ACME-BAP;Swoopthread;ACME_TJ74;ACME_San Martin;arnaud;5984;acme;1732;rachid;3175;rachid
ACME-BAP;Handpaper;ACME_SA75;ACME_Newstead;thierry;430;patrice;7777;regis;7477;sonia
ACME-BAP;Huntergeode;ACME_DJ76;ACME_Northleach;frauke;523;laurent;9388;frederic;1134;christophe
ACME-BAP;Piperphase;ACME_CA77;ACME_Cienega Springs;fgf;4144;dev;7018;eva;400;benjamin
ACME-BAP;Crystalatom;ACME_GU78;ACME_Derby Center;sonia;3033;benoit2;7353;aude;2583;pierrick
ACME-BAP;Shriekpsychadelic;ACME_NI79;ACME_San Martin;agnes;60;fritzi;4060;benoit2;429;frauke
ACME-BAP;Chinmalachite;ACME_LY80;ACME_Baldock;itesoft;6128;frederique;9660;catherine;3975;didier
ACME-BAP;Hornetevening;ACME_NR81;ACME_Newstead;paul;5470;alan;914;sarah;8548;guillaume
ACME-BAP;Sargentgentle;ACME_TR82;ACME_Campden;regis;950;agnes;4368;anais;2960;heinz
ACME-BAP;Tailsurf;ACME_MK83;ACME_Plympton;agnes;4938;didier;832;dev;6374;frederic
ACME-BAP;Doomancient;ACME_NF84;ACME_Burrton;francois;7193;benoit2;4064;pierrick;2804;sonia
ACME-BAP;Ocelotsmall;ACME_TN85;ACME_Kingsbridge;sarah;8929;fritzi;3425;itesoft;6195;nick
ACME-BAP;Sentrypitch;ACME_KG86;ACME_Baldock;tom;9445;fabrice;1879;frederique;2450;benoit2
ACME-BAP;Leopardsugar;ACME_VU87;ACME_Ransom Canyon;patrice;4802;benjamin;7184;rachid;1406;paul
ACME-BAP;Dogleather;ACME_SA88;ACME_Lucien;catherine;6402;frederique;5041;patrice;3103;patrice
ACME-BAP;Weedfrost;ACME_ER89;ACME_Kingsbridge;nick;2222;monika;1812;rachid;5613;agnes
ACME-BAP;Scribeharvest;ACME_AM90;ACME_Buffalo City;jade;9508;benoit;9916;acme;2712;regis
ACME-BAP;Whalethorn;ACME_RO91;ACME_Brandwell;marie;4158;benoit;99;heinz;3973;jason
ACME-BAP;Carvermulberry;ACME_MK92;ACME_Campden;james;2975;patrice;1425;benoit;8698;didier
ACME-BAP;Antelopeplaid;ACME_AM93;ACME_Cienega Springs;frederic;7036;monika;1649;jean-luc;2758;fgf
ACME-BAP;Bardpineapple;ACME_MQ94;ACME_Campden;frederic;3715;john;903;catherine;1932;jade
ACME-BAP;Ribrust;ACME_SM95;ACME_Bury;agnes;3650;sarah;5040;benjamin;3741;benoit
ACME-BAP;Flyheather;ACME_RW96;ACME_Ransom Canyon;john;3898;marie;3415;tom;3128;guillaume
ACME-BAP;Razorfossil;ACME_GR97;ACME_Derby Center;acme;4237;sonia;2007;patrice;1022;arnaud
ACME-BAP;Killerpepper;ACME_RW98;ACME_Bury;john;1741;frederic;695;aude;3627;fgf
ACME-BAP;Foxfringe;ACME_UZ99;ACME_Lucien;fritzi;6455;dev;8116;nick;6245;monika
ACME-BAP;Arrowfluff;ACME_AR100;ACME_Kingsbridge;tom;1456;arnaud;5925;rachid;7159;didier
ACME-BAP;Unicorndaffodil;ACME_PN101;ACME_Hoonah;benoit;4093;pierrick;6130;james;799;service
ACME-BAP;Flysaber;ACME_GP102;ACME_Ransom Canyon;itesoft;6827;jade;3559;benjamin;5046;benoit
ACME-BAP;Bugiris;ACME_MF103;ACME_Campden;fgf;2716;monika;568;patrice;7320;fritzi
ACME-BAP;Butterflyrune;ACME_TK104;ACME_Bury;catherine;7503;fabrice;2690;dev;7448;christophe
ACME-BAP;Leaderbrindle;ACME_PT105;ACME_Brandwell;monika;3258;fritzi;5804;heinz;2906;heinz
ACME-BAP;Tongueancient;ACME_YT106;ACME_Skidaway Island;dev;8630;itesoft;5762;eva;5691;laurent
ACME-BAP;Antlershade;ACME_IM107;ACME_Derby Center;anais;4455;aude;1697;arnaud;1703;heinz
ACME-BAP;Keepershard;ACME_JM108;ACME_Ransom Canyon;sonia;2945;thierry;4622;pierrick;2655;eva
ACME-BAP;Scalewax;ACME_LI109;ACME_Kingsbridge;dev;7877;eva;2535;acme;8416;frederic
ACME-BAP;Craftercord;ACME_FJ110;ACME_Newstead;regis;1205;jean-luc;9997;fabrice;8988;acme
ACME-BAP;Spurpeppermint;ACME_SM111;ACME_New Deal;kevin;8769;dev;4293;patrice;1974;james
ACME-BAP;Stalkersilver;ACME_BZ112;ACME_Northleach;heinz;4165;benjamin;5269;patrice;735;pierrick
ACME-BAP;Cloaknotch;ACME_DE113;ACME_Newstead;jason;3081;agnes;1617;james;8151;laurent
ACME-BAP;Owlcord;ACME_NP114;ACME_Newstead;frederic;8899;benoit2;3613;kevin;3075;jean-luc
ACME-BAP;Spearbrick;ACME_AQ115;ACME_Plympton;sarah;4364;agnes;8102;acme;4625;stan
ACME-BAP;Slaveruby;ACME_GR116;ACME_Bury;aude;3464;jade;6528;stan;682;arnaud
ACME-BAP;Singerbranch;ACME_ID117;ACME_Kingsbridge;benjamin;5137;kevin;6657;paul;6176;pierrick
ACME-BAP;Reaperspring;ACME_LA118;ACME_New Deal;pierrick;1040;acme;1827;monika;1994;guillaume
ACME-BAP;Ravenevening;ACME_CN119;ACME_Baldock;tom;6274;fgf;2368;monika;4037;service
ACME-BAP;Thunderstone;ACME_GA120;ACME_San Martin;itesoft;4423;john;4628;didier;5416;stan
ACME-BAP;Snagglefootblue;ACME_NI121;ACME_Brandwell;marie;8342;stan;5278;aude;7371;nick
ACME-BAP;Givercherry;ACME_LU122;ACME_Brandwell;kevin;192;paul;3031;jean-luc;5332;catherine
ACME-BAP;Riderbasalt;ACME_UZ123;ACME_Hoonah;fabrice;2740;benoit;858;patrice;7689;frederique
ACME-BAP;Stingerrampant;ACME_JM124;ACME_Berkhamsted;patrice;1196;itesoft;6230;eva;9037;rachid
ACME-BAP;Donkeydirt;ACME_IS125;ACME_Buffalo City;aude;4707;frederic;3952;dev;3817;frederique
ACME-BAP;Ferretflame;ACME_MC126;ACME_Brandwell;sonia;1581;arnaud;9626;sarah;3041;frederic
ACME-BAP;Riderplaid;ACME_BY127;ACME_Berkhamsted;alan;6367;francois;4287;agnes;5090;jason
ACME-BAP;Owllie;ACME_CL128;ACME_Burrton;mike;8745;benjamin;7023;catherine;178;fgf
ACME-BAP;Mothalpine;ACME_AO129;ACME_Buffalo City;monika;4834;christophe;155;christophe;2364;acme
ACME-BAP;Singershort;ACME_IM130;ACME_Berkhamsted;benoit2;8985;fritzi;48;benjamin;8085;frederique
ACME-BAP;Centaurbutton;ACME_IN131;ACME_Berkhamsted;jade;5877;marie;6204;catherine;6290;thierry
ACME-BAP;Stalkerproud;ACME_ER132;ACME_Skidaway Island;alan;9570;fritzi;5837;monika;3652;nick
ACME-BAP;Pipersilk;ACME_GN133;ACME_Baldock;benoit2;5617;nick;2400;guillaume;2506;guillaume
ACME-BAP;Shriekersand;ACME_KM134;ACME_San Martin;sarah;4159;alan;8467;monika;1039;benoit
ACME-BAP;Healerripple;ACME_TN135;ACME_Burrton;jade;5705;rachid;1838;frederique;1778;benoit2
ACME-BAP;Singerlavender;ACME_TL136;ACME_Northleach;sarah;8297;fritzi;4156;heinz;3681;benoit
ACME-BAP;Goatcoal;ACME_ME137;ACME_Ransom Canyon;benoit;900;kevin;1675;regis;4956;fritzi
ACME-BAP;Storkbold;ACME_OM138;ACME_San Martin;laurent;682;guillaume;3090;sonia;894;laurent
ACME-BAP;Lizardtime;ACME_KE139;ACME_Northleach;nick;3302;sarah;6980;kevin;6596;benoit2
ACME-BAP;Thiefsatin;ACME_SY140;ACME_Berkhamsted;fritzi;8881;nick;3554;didier;8181;mike
ACME-BAP;Seergrave;ACME_AS141;ACME_Buffalo City;agnes;6144;sonia;128;frederique;3712;alan
ACME-BAP;Eyemint;ACME_BQ142;ACME_Newstead;anais;4362;frederique;979;pierrick;3497;guillaume
ACME-BAP;Stagprairie;ACME_GP143;ACME_Campden;rachid;9964;pierrick;8387;patrice;2580;eva
ACME-BAP;Jaguarcloud;ACME_UZ144;ACME_Northleach;fritzi;2319;fgf;2972;john;6996;sarah
ACME-BAP;Birdhoney;ACME_OM145;ACME_Ransom Canyon;fabrice;7418;pierrick;4925;aude;8111;francois
ACME-BAP;Orioleember;ACME_LU146;ACME_Cienega Springs;eva;7638;marie;8241;paul;1374;alan
ACME-BAP;Giversour;ACME_BZ147;ACME_Newstead;stan;1876;acme;5020;regis;2637;kevin
ACME-BAP;Slicerivory;ACME_GR148;ACME_Brandwell;paul;5050;benoit;4725;acme;409;paul
ACME-BAP;Salmonsage;ACME_MW149;ACME_Cienega Springs;sonia;4318;marie;9465;guillaume;7690;mike
ACME-BAP;Dukefierce;ACME_ML150;ACME_Plympton;marie;6813;benjamin;4179;eva;1260;frederique
ACME-BAP;Elkcypress;ACME_BV151;ACME_Plympton;frauke;8717;frauke;6930;thierry;4912;itesoft
ACME-BAP;Spritemesquite;ACME_CN152;ACME_Bury;fritzi;4270;sonia;9318;frauke;3618;eva
ACME-BAP;Swoopsunrise;ACME_CI153;ACME_Brandwell;sarah;6569;mike;1909;jean-luc;9482;itesoft
ACME-BAP;Speakeralmond;ACME_VN154;ACME_Northleach;pierrick;5937;james;8809;aude;9447;benjamin
ACME-BAP;Hyenazircon;ACME_BO155;ACME_Ransom Canyon;fgf;686;tom;9531;itesoft;8305;eva
ACME-BAP;Koalaflicker;ACME_EC156;ACME_Derby Center;marie;1650;francois;384;kevin;1300;patrice
ACME-BAP;Snoutspiral;ACME_CL157;ACME_Hoonah;catherine;9868;aude;480;benjamin;431;francois
ACME-BAP;Oxriver;ACME_ET158;ACME_Plympton;stan;4159;paul;5212;alan;8464;alan
ACME-BAP;Playervenom;ACME_CA159;ACME_Burrton;monika;5706;pierrick;8532;fgf;4525;fabrice
ACME-BAP;Crestcopper;ACME_TO160;ACME_Buffalo City;itesoft;3989;benoit;5027;heinz;8574;benoit
ACME-BAP;Ninjarain;ACME_MO161;ACME_Bury;james;6674;monika;2312;marie;9763;benoit
ACME-BAP;Ravenjungle;ACME_AS162;ACME_Northleach;paul;617;stan;6123;james;5973;jason
ACME-BAP;Harerose;ACME_FM163;ACME_San Martin;fabrice;3678;mike;552;heinz;6951;alan
ACME-BAP;Shiftripple;ACME_GM164;ACME_Campden;jean-luc;7872;service;4474;heinz;8505;thierry
ACME-BAP;Scowlprism;ACME_VN165;ACME_Lucien;mike;8185;acme;6098;benoit2;8621;frederic
ACME-BAP;Fishchatter;ACME_MM166;ACME_Hoonah;sonia;6638;stan;9194;benoit;1796;frauke
ACME-BAP;Elkbrindle;ACME_LT167;ACME_Burrton;fgf;9792;fabrice;4374;john;9848;francois
ACME-BAP;Footgiant;ACME_YT168;ACME_Northleach;catherine;9524;francois;2374;fgf;4647;fabrice
ACME-BAP;Gemfan;ACME_MH169;ACME_Lucien;monika;9004;service;5895;sonia;5740;nick
ACME-BAP;Carvershy;ACME_MR170;ACME_Ransom Canyon;jade;2168;sarah;2476;didier;242;john
ACME-BAP;Fighterhickory;ACME_JP171;ACME_Bury;didier;7629;service;4828;fritzi;8321;pierrick
ACME-BAP;Sparrowbush;ACME_MA172;ACME_Northleach;frauke;2715;regis;7765;benjamin;1694;eva
ACME-BAP;Hornetsilent;ACME_HN173;ACME_Derby Center;frederique;4520;pierrick;1439;marie;9544;monika
ACME-BAP;Horntyphoon;ACME_ZA174;ACME_Brandwell;patrice;8206;fabrice;686;sonia;8568;laurent
ACME-BAP;Scaleglory;ACME_RO175;ACME_Brandwell;frederique;5042;marie;2396;service;5503;rachid
ACME-BAP;Shieldviolet;ACME_CH176;ACME_Skidaway Island;rachid;1864;laurent;3254;fritzi;883;benoit
ACME-BAP;Flyspark;ACME_TT177;ACME_Burrton;itesoft;6674;acme;3800;anais;4833;kevin
ACME-BAP;Finmaze;ACME_MV178;ACME_Derby Center;monika;7433;sonia;8934;james;33;benoit2
ACME-BAP;Weaverancient;ACME_GR179;ACME_Berkhamsted;frederique;7381;service;7356;itesoft;1954;tom
ACME-BAP;Slothtin;ACME_GL180;ACME_Baldock;stan;6046;itesoft;9724;mike;8767;service
ACME-BAP;Beeshimmer;ACME_AI181;ACME_Bury;benoit2;6902;frederique;2871;nick;1821;pierrick
ACME-BAP;Pigpurple;ACME_AQ182;ACME_Baldock;thierry;8785;anais;3511;jean-luc;4042;thierry
ACME-BAP;Wizardflicker;ACME_GQ183;ACME_Kingsbridge;agnes;172;patrice;7210;alan;8405;didier
ACME-BAP;Gamblerflame;ACME_WF184;ACME_Brandwell;fritzi;2531;anais;6072;jade;5834;frederic
ACME-BAP;Cloudmaze;ACME_CG185;ACME_Buffalo City;francois;1225;marie;4281;guillaume;6542;jean-luc
ACME-BAP;Storkdandelion;ACME_SS186;ACME_Bury;marie;504;anais;5641;mike;2875;fgf
ACME-BAP;Sharkleaf;ACME_PW187;ACME_Derby Center;pierrick;4158;john;5544;sarah;8592;alan
ACME-BAP;Binderforest;ACME_TC188;ACME_Plympton;frauke;135;james;2569;paul;9738;guillaume
ACME-BAP;Mindmalachite;ACME_AS189;ACME_Newstead;didier;5314;christophe;9376;service;2472;jason
ACME-BAP;Monkeytulip;ACME_CH190;ACME_San Martin;christophe;1837;jean-luc;1048;christophe;5999;james
ACME-BAP;Playerbush;ACME_CM191;ACME_Hoonah;nick;3464;alan;6806;marie;9364;paul
ACME-BAP;Dartivory;ACME_SA192;ACME_San Martin;fgf;1211;kevin;7460;regis;7259;jean-luc
ACME-BAP;Rippernotch;ACME_MC193;ACME_Derby Center;didier;8538;regis;5319;kevin;5481;arnaud
ACME-BAP;Shieldtwisty;ACME_CL194;ACME_Baldock;jean-luc;8411;laurent;5755;kevin;3081;mike
ACME-BAP;Salmonpewter;ACME_TJ195;ACME_Plympton;frederique;9182;mike;5835;dev;1536;sarah
ACME-BAP;Razoralmond;ACME_AG196;ACME_Burrton;eva;7698;heinz;4466;nick;8463;francois
ACME-BAP;Minnowbrass;ACME_AX197;ACME_Bury;sonia;1389;christophe;6046;jason;3674;catherine
ACME-BAP;Antberyl;ACME_GM198;ACME_Newstead;acme;6608;itesoft;6231;jade;9968;didier
ACME-BAP;Napegrove;ACME_UG199;ACME_Kingsbridge;jean-luc;4573;dev;7600;acme;3886;james
ACME-BAP;Slicerregal;ACME_CL200;ACME_Berkhamsted;monika;3526;christophe;2921;kevin;2490;agnes
ACME-BAP;Boanotch;ACME_SL201;ACME_San Martin;nick;6726;jean-luc;8512;mike;876;eva
ACME-BAP;Gazellecosmic;ACME_YT202;ACME_New Deal;jade;739;agnes;6699;kevin;5601;benoit
ACME-BAP;Cockatootrail;ACME_TR203;ACME_Burrton;jean-luc;7373;fgf;5073;christophe;6016;christophe
ACME-BAP;Flierscarlet;ACME_AS204;ACME_Brandwell;kevin;5926;frederique;6262;james;2969;laurent
ACME-BAP;Heroivory;ACME_MG205;ACME_Burrton;frauke;4284;frauke;5581;agnes;1603;mike
ACME-BAP;Scorpionnoble;ACME_MQ206;ACME_New Deal;itesoft;1069;tom;538;alan;1623;agnes
ACME-BAP;Followergreat;ACME_MR207;ACME_Burrton;fritzi;3606;service;5025;sarah;491;itesoft
ACME-BAP;Dropforest;ACME_IR208;ACME_Newstead;heinz;8283;stan;1696;thierry;2555;service
ACME-BAP;Chargersunset;ACME_LV209;ACME_Burrton;benoit2;7659;fgf;8484;rachid;2052;kevin
ACME-BAP;Voledandy;ACME_GN210;ACME_Bury;rachid;2044;pierrick;7218;jean-luc;8252;fgf
ACME-BAP;Howlerglimmer;ACME_VN211;ACME_Bury;sonia;2419;frederic;4516;jason;4563;kevin
ACME-BAP;Playersoft;ACME_AO212;ACME_New Deal;fgf;2322;thierry;8460;benoit2;6721;francois
ACME-BAP;Cloakquartz;ACME_GR213;ACME_Newstead;tom;204;monika;620;benjamin;5865;john
ACME-BAP;Crafterproud;ACME_HM214;ACME_Ransom Canyon;christophe;9950;heinz;8168;frauke;9904;jade
ACME-BAP;Ravernimble;ACME_BS215;ACME_Hoonah;pierrick;4781;john;6700;jean-luc;6072;fgf
ACME-BAP;Palmspectrum;ACME_YE216;ACME_Berkhamsted;acme;9291;christophe;2761;frauke;7405;service
ACME-BAP;Gemember;ACME_UG217;ACME_Cienega Springs;aude;4942;kevin;7866;frederic;7432;aude
ACME-BAP;Elfchain;ACME_SB218;ACME_Hoonah;benoit;2405;thierry;5871;pierrick;1915;benjamin
ACME-BAP;Marklong;ACME_DK219;ACME_Campden;kevin;2853;arnaud;7666;heinz;8239;frederique
ACME-BAP;Wandereroasis;ACME_AO220;ACME_Campden;frauke;6371;stan;9711;patrice;6365;eva
ACME-BAP;Boltplume;ACME_BI221;ACME_Campden;mike;6179;laurent;1824;benoit2;1742;itesoft
ACME-BAP;Markquiver;ACME_DO222;ACME_Bury;fabrice;7768;service;3466;itesoft;9245;benjamin
ACME-BAP;Beetleamber;ACME_LB223;ACME_Cienega Springs;christophe;454;john;9493;itesoft;9124;catherine
ACME-BAP;Legapple;ACME_NP224;ACME_Kingsbridge;sonia;2105;john;2891;fabrice;4411;monika
ACME-BAP;Whalegrove;ACME_CG225;ACME_Newstead;didier;9270;benoit2;4649;sonia;8838;fritzi
ACME-BAP;Venommidnight;ACME_JM226;ACME_Baldock;jason;5858;tom;8496;anais;1094;jade
ACME-BAP;Ripperglass;ACME_LC227;ACME_Derby Center;acme;1891;agnes;8307;agnes;563;stan
ACME-BAP;Pixieswamp;ACME_GM228;ACME_Skidaway Island;acme;7322;laurent;7249;alan;9750;marie
ACME-BAP;Dancercanyon;ACME_BV229;ACME_Bury;sarah;769;fabrice;1176;regis;2001;sonia
ACME-BAP;Lifterapple;ACME_NI230;ACME_Kingsbridge;jason;2753;fritzi;3358;frauke;8666;sarah
ACME-BAP;Kickerpatch;ACME_TZ231;ACME_New Deal;frederic;4222;nick;3478;mike;9574;sonia
ACME-BAP;Riderrampant;ACME_PG232;ACME_San Martin;jean-luc;100;dev;7155;itesoft;8740;alan
ACME-BAP;Kittengeode;ACME_TL233;ACME_Ransom Canyon;fabrice;6529;marie;6701;pierrick;44;fabrice
ACME-BAP;Swallowpattern;ACME_HU234;ACME_Kingsbridge;fgf;3634;dev;6146;frederic;7287;dev
ACME-BAP;Voleharvest;ACME_CK235;ACME_Skidaway Island;sarah;1378;jade;4299;rachid;4433;benoit2
ACME-BAP;Knifegreen;ACME_PY236;ACME_Newstead;patrice;8403;nick;8178;stan;3328;eva
ACME-BAP;Chargerround;ACME_GT237;ACME_Derby Center;kevin;6559;acme;5506;frederique;8885;fabrice
ACME-BAP;Huggerbead;ACME_BH238;ACME_Northleach;stan;8047;benoit;2750;frederic;1895;james
ACME-BAP;Pegasusstump;ACME_SE239;ACME_Plympton;frederique;6070;mike;2435;heinz;6125;tom
ACME-BAP;Toucancookie;ACME_SH240;ACME_Newstead;fgf;9715;stan;7287;service;3231;benoit
ACME-BAP;Battundra;ACME_PN241;ACME_Kingsbridge;fritzi;2492;sonia;4621;rachid;1613;guillaume
ACME-BAP;Hoofzircon;ACME_CR242;ACME_San Martin;jade;6166;christophe;8303;nick;1063;dev
ACME-BAP;Wizardsprinkle;ACME_GS243;ACME_Lucien;heinz;493;benoit2;2041;mike;5591;stan
ACME-BAP;Chopperfoil;ACME_PS244;ACME_Newstead;frederic;3353;patrice;3553;itesoft;5762;catherine
ACME-BAP;Ferretchatter;ACME_TR245;ACME_Hoonah;benjamin;6049;regis;8193;sarah;194;patrice
ACME-BAP;Frightslow;ACME_KN246;ACME_Ransom Canyon;sonia;5243;stan;5197;frederique;3876;monika
ACME-BAP;Ridgegrave;ACME_FM247;ACME_Hoonah;john;88;monika;7168;paul;9845;didier
ACME-BAP;Grinbristle;ACME_SV248;ACME_Campden;itesoft;1115;patrice;7662;sonia;6685;arnaud
ACME-BAP;Napelaser;ACME_GQ249;ACME_Newstead;mike;9386;paul;2822;dev;3052;sonia
ACME-BAP;Crusherdandelion;ACME_KZ250;ACME_Plympton;benoit2;3121;francois;8021;acme;6996;laurent
ACME-BAP;Neckspectrum;ACME_NG251;ACME_Cienega Springs;john;5776;frauke;8783;sarah;3470;catherine
ACME-BAP;Swallowgrove;ACME_BZ252;ACME_Plympton;francois;5143;stan;8655;benoit;3698;acme
ACME-BAP;Slaveflint;ACME_CI253;ACME_Ransom Canyon;sarah;1648;sonia;3080;catherine;1851;aude
ACME-BAP;Slavecyber;ACME_BA254;ACME_Campden;rachid;8253;fritzi;3286;benoit2;5932;aude
ACME-BAP;Questernettle;ACME_PK255;ACME_Northleach;itesoft;8220;aude;2192;thierry;1966;benjamin
ACME-BAP;Killersticky;ACME_NF256;ACME_Burrton;rachid;3197;fritzi;3023;frauke;9227;frederique
ACME-BAP;Boamidnight;ACME_BT257;ACME_Baldock;thierry;3929;service;6192;anais;2193;mike
ACME-BAP;Loontin;ACME_KG258;ACME_Campden;christophe;2111;frederic;4129;jade;1140;didier
ACME-BAP;Wolfmulberry;ACME_CK259;ACME_Baldock;rachid;435;sonia;9926;james;6318;mike
ACME-BAP;Headtopaz;ACME_GF260;ACME_Campden;acme;7865;anais;5429;fritzi;1723;patrice
ACME-BAP;Snarlequinox;ACME_EH261;ACME_Kingsbridge;dev;3230;fgf;4388;eva;7428;dev
ACME-BAP;Saverpool;ACME_JE262;ACME_Kingsbridge;patrice;1370;regis;9203;catherine;8947;james
ACME-BAP;Takermoor;ACME_FJ263;ACME_Newstead;fabrice;8216;nick;178;frauke;6636;rachid
ACME-BAP;Giverstream;ACME_EC264;ACME_Lucien;frederic;1748;jade;3785;catherine;7601;marie
ACME-BAP;Finspeckle;ACME_PK265;ACME_Cienega Springs;frederic;157;monika;5266;regis;6149;aude
ACME-BAP;Pumatulip;ACME_IM266;ACME_San Martin;benoit2;5898;nick;4023;monika;1314;jason
ACME-BAP;Bellydirt;ACME_GH267;ACME_Brandwell;fabrice;1814;anais;97;anais;6047;fritzi
ACME-BAP;Bugrapid;ACME_VC268;ACME_Plympton;agnes;9402;marie;2508;james;4358;stan
ACME-BAP;Dragonpeach;ACME_HT269;ACME_Hoonah;patrice;4988;nick;2435;mike;5763;marie
ACME-BAP;Lightermesquite;ACME_HU270;ACME_Skidaway Island;nick;308;james;1687;frauke;6457;john
ACME-BAP;Swordspring;ACME_SM271;ACME_San Martin;service;4225;fritzi;3168;thierry;6968;sarah
ACME-BAP;Roarbranch;ACME_PY272;ACME_Northleach;alan;1722;sonia;1509;service;5936;rachid
ACME-BAP;Spiritsalt;ACME_LC273;ACME_Cienega Springs;mike;7476;stan;5803;alan;167;fabrice
ACME-BAP;Roarerblossom;ACME_ZA274;ACME_San Martin;sarah;7630;service;2618;acme;2825;fabrice
ACME-BAP;Razorballistic;ACME_FM275;ACME_Lucien;alan;9114;didier;89;jean-luc;2249;eva
ACME-BAP;Crestquartz;ACME_MM276;ACME_Ransom Canyon;anais;534;jean-luc;9640;nick;2285;tom
ACME-BAP;Fishmisty;ACME_AE277;ACME_Derby Center;thierry;7893;francois;1466;patrice;7857;fritzi
ACME-BAP;Falconcrack;ACME_HR278;ACME_Ransom Canyon;frederic;3711;frederique;9008;jean-luc;8818;fabrice
ACME-BAP;Unicornsand;ACME_LC279;ACME_Brandwell;kevin;7798;arnaud;8028;monika;8408;frederic
ACME-BAP;Bellcookie;ACME_BI280;ACME_Kingsbridge;mike;8369;christophe;1236;catherine;7928;frederic
ACME-BAP;Condorstripe;ACME_PG281;ACME_New Deal;jason;5723;thierry;5085;frederique;9812;arnaud
ACME-BAP;Hissmirror;ACME_CH282;ACME_Newstead;monika;7061;stan;4075;jean-luc;2937;frederic
ACME-BAP;Ridercaramel;ACME_JO283;ACME_Plympton;aude;460;james;5175;paul;311;frederic
ACME-BAP;Leaderfree;ACME_SI284;ACME_Burrton;dev;4991;fabrice;3799;sarah;915;paul
ACME-BAP;Stealermorning;ACME_BF285;ACME_Baldock;guillaume;7285;sarah;1189;arnaud;9708;arnaud
ACME-BAP;Shifttime;ACME_MW286;ACME_San Martin;frauke;5958;jason;8363;tom;1043;benjamin
ACME-BAP;Guardianfir;ACME_ZA287;ACME_Buffalo City;james;8301;marie;9037;pierrick;5329;acme
ACME-BAP;Molerose;ACME_NG288;ACME_Derby Center;frauke;9895;marie;9877;frederic;1716;benjamin
ACME-BAP;Glazerpie;ACME_UG289;ACME_Brandwell;stan;3054;jade;7947;stan;9448;christophe
ACME-BAP;Vulturebead;ACME_BJ290;ACME_Brandwell;acme;5933;jean-luc;7517;jade;5753;fabrice
ACME-BAP;Owlfork;ACME_TH291;ACME_Hoonah;didier;9149;frauke;9708;catherine;8797;sarah
ACME-BAP;Dolphinnimble;ACME_KW292;ACME_Northleach;itesoft;5372;mike;2607;fritzi;4522;jade
ACME-BAP;Wolfviridian;ACME_AS293;ACME_Newstead;service;7832;frauke;2406;tom;9670;arnaud
ACME-BAP;Stagswamp;ACME_UY294;ACME_New Deal;pierrick;5503;acme;8545;didier;8177;christophe
ACME-BAP;Jaguarfoul;ACME_MM295;ACME_Hoonah;frederic;1960;monika;6172;jason;1338;fabrice
ACME-BAP;Chargerslash;ACME_BW296;ACME_Cienega Springs;sonia;7889;didier;9451;paul;5666;aude
ACME-BAP;Antlerstripe;ACME_JO297;ACME_Plympton;dev;1368;fabrice;8814;sonia;2878;nick
ACME-BAP;Owlsky;ACME_AL298;ACME_Cienega Springs;dev;9286;frederique;7362;frauke;2409;tom
ACME-BAP;Hisserspice;ACME_SZ299;ACME_Burrton;regis;64;frederique;6168;arnaud;771;john